"Site","Datetime","mean_WT","Solar_2d","WL_daily_mean","GWL_min","ppt_7day","Air_trange","WL_daily_range","GWT_range","GWL_range"
"Sam","6/1/2023",7.993708,31.968,0.24825,-0.17,1.19,10.6,0.053,0,0.053
"Sam","6/2/2023",7.980125,30.92255947,0.252875,-0.17,1.19,15.1,0.056,0.1,0.062
"Sam","6/3/2023",8.183917,31.17311895,0.251,-0.175,0,17.2,0.058,0,0.068
"Sam","6/4/2023",8.405125,30.87503921,0.246583,-0.179,0,19.4,0.052,0,0.057
"Sam","6/5/2023",8.395875,30.9096,0.24825,-0.179,0,16.6,0.056,0,0.057
"Sam","6/6/2023",8.739792,31.00032026,0.246625,-0.183,0,19.3,0.05,0,0.056
"Sam","6/7/2023",8.806875,30.49487974,0.243125,-0.187,0,15.5,0.048,0,0.051
"Sam","6/8/2023",8.696542,24.82703987,0.239,-0.173,0,15.4,0.037,0.101,0.021
"Sam","6/9/2023",8.481167,14.0702402,0.243042,-0.154,1.29,9.4,0.02,0,0.035
"Sam","6/10/2023",8.624833,17.63423954,0.24175,-0.178,4.01,5.4,0.043,0,0.06
"Sam","6/11/2023",8.657083,28.54223921,0.247125,-0.188,4.01,13.6,0.05,0.099,0.05
"Sam","6/12/2023",8.810875,30.37392026,0.244458,-0.191,4.01,18.5,0.046,0,0.047
"Sam","6/13/2023",8.898625,29.92032026,0.242375,-0.197,4.01,15.5,0.041,0.1,0.044
"Sam","6/14/2023",8.463917,29.53583921,0.242167,-0.2,4.01,14.8,0.042,0,0.042
"Sam","6/15/2023",8.322208,30.1536,0.241375,-0.204,4.45,9.9,0.048,0,0.041
"Sam","6/16/2023",8.537208,27.61776079,0.241833,-0.206,3.16,15.6,0.051,0.1,0.056
"Sam","6/17/2023",8.679875,26.2656,0.23575,-0.203,0.44,17.1,0.034,0,0.029
"Sam","6/18/2023",7.9155,21.31055947,0.248083,-0.174,1.38,12.5,0.028,0.1,0.061
"Sam","6/19/2023",7.723417,12.5625598,0.249625,-0.141,13.6,7.2,0.028,0,0.039
"Sam","6/20/2023",7.752542,15.70320033,0.242917,-0.173,20.48,6.8,0.036,0.099,0.057
"Sam","6/21/2023",7.975542,26.11007974,0.24025,-0.2,20.97,9.7,0.046,0,0.054
"Sam","6/22/2023",8.487792,31.40207974,0.237083,-0.212,20.53,17.3,0.051,0,0.052
"Sam","6/23/2023",8.68275,31.35024053,0.237875,-0.222,20.53,16.7,0.051,0.1,0.052
"Sam","6/24/2023",8.71175,31.29407974,0.238,-0.226,20.53,14.8,0.053,0,0.054
"Sam","6/25/2023",8.640792,31.30703921,0.237792,-0.232,19.59,15.7,0.056,0,0.055
"Sam","6/26/2023",8.856417,30.9744,0.23625,-0.236,7.37,15.7,0.056,0,0.053
"Sam","6/27/2023",8.836083,30.72384053,0.233792,-0.239,0.49,13.7,0.049,0,0.052
"Sam","6/28/2023",8.92225,30.73247974,0.231708,-0.237,0,13.9,0.049,0.099,0.047
"Sam","6/29/2023",9.153375,30.7152,0.231083,-0.244,0,15.8,0.048,0,0.05
"Sam","6/30/2023",9.21925,30.8232,0.228583,-0.252,0,16.8,0.047,0,0.048
"Sam","7/1/2023",9.149917,30.84047974,0.225083,-0.262,0,18,0.051,0,0.056
"Sam","7/2/2023",9.062792,30.4992,0.224958,-0.27,0,17.2,0.048,0,0.055
"Sam","7/3/2023",9.087542,30.44735947,0.2245,-0.276,0,18.8,0.05,0.099,0.052
"Sam","7/4/2023",9.289667,30.74975947,0.22225,-0.281,0,18.1,0.047,0,0.053
"Sam","7/5/2023",9.437542,30.58992026,0.221958,-0.289,0,15.3,0.045,0,0.055
"Sam","7/6/2023",9.524083,30.24,0.221083,-0.297,0,17,0.044,0,0.049
"Sam","7/7/2023",9.442,30.08015947,0.221875,-0.301,0,16.4,0.044,0.1,0.049
"Sam","7/8/2023",9.302125,30.0456,0.219917,-0.306,0,16.6,0.046,0,0.053
"Sam","7/9/2023",9.334875,29.92032026,0.217125,-0.311,0,17.1,0.044,0,0.053
"Sam","7/10/2023",9.348167,29.92896079,0.214292,-0.314,0,16.4,0.044,0,0.047
"Sam","7/11/2023",9.149417,29.99808105,0.216208,-0.313,0,11.9,0.048,0.099,0.054
"Sam","7/12/2023",9.318417,29.49264053,0.214625,-0.317,0,14.8,0.044,0,0.056
"Sam","7/13/2023",9.499375,29.1816,0.213375,-0.319,0,14.3,0.043,0,0.052
"Sam","7/14/2023",9.482667,29.56175947,0.212875,-0.322,0,14.9,0.048,0.099,0.052
"Sam","7/15/2023",9.638375,29.48831895,0.211875,-0.331,0,18.6,0.045,0,0.053
"Sam","7/16/2023",9.811417,28.49903921,0.208833,-0.344,0,20.6,0.045,0,0.057
"Sam","7/17/2023",9.705792,28.67615947,0.203375,-0.351,0,17.7,0.045,0.099,0.041
"Sam","7/18/2023",9.379792,29.57903921,0.209917,-0.353,0,12.7,0.049,0,0.054
"Sam","7/19/2023",9.839833,29.07791895,0.205167,-0.364,0,20.4,0.042,0,0.049
"Sam","7/20/2023",9.987625,28.4472,0.203833,-0.375,0,17.1,0.039,0,0.046
"Sam","7/21/2023",9.950708,28.71504053,0.204375,-0.385,0,16.5,0.045,0.099,0.05
"Sam","7/22/2023",9.835875,28.728,0.203958,-0.396,0,16.1,0.047,0,0.053
"Sam","7/23/2023",9.9055,28.30895947,0.203708,-0.406,0,15.8,0.047,0,0.051
"Sam","7/24/2023",9.566292,27.3024,0.20375,-0.416,0,16.4,0.042,0,0.049
"Sam","7/25/2023",9.730125,27.43632026,0.194042,-0.419,0.7,12.4,0.042,0.098,0.04
"Sam","7/26/2023",9.367542,28.53792026,0.204042,-0.424,0.7,13.2,0.048,0,0.056
"Sam","7/27/2023",9.285375,28.59408105,0.203,-0.435,0.7,17.8,0.051,0,0.062
"Sam","7/28/2023",9.42925,28.39968105,0.202458,-0.441,0.7,14.4,0.049,0,0.057
"Sam","7/29/2023",9.5075,28.1016,0.201417,-0.448,0.7,16.6,0.05,0.099,0.057
"Sam","7/30/2023",9.446042,28.05407974,0.199833,-0.456,0.7,15.4,0.049,0,0.056
"Sam","7/31/2023",9.29325,28.23552026,0.201542,-0.463,0.7,15.7,0.049,0,0.057
"Sam","8/1/2023",9.334333,28.4904,0.202125,-0.471,0,18,0.052,0,0.059
"Sam","8/2/2023",9.478417,28.58544053,0.200333,-0.48,0,20.2,0.05,0.099,0.055
"Sam","8/3/2023",9.646958,28.30032026,0.1965,-0.494,0,17.1,0.054,0,0.057
"Sam","8/4/2023",9.656708,27.24623921,0.191458,-0.495,0,15.9,0.042,0,0.043
"Sam","8/5/2023",9.714083,23.81615947,0.189333,-0.499,0,11.3,0.038,0,0.04
"Sam","8/6/2023",9.881958,22.33872026,0.190042,-0.5,0,8.5,0.034,0,0.036
"Sam","8/7/2023",10.05346,24.47712026,0.19325,-0.502,0,9.1,0.042,0,0.04
"Sam","8/8/2023",9.897458,24.29135947,0.198958,-0.514,0,14.1,0.051,0,0.055
"Sam","8/9/2023",10.00429,24.93071895,0.194,-0.52,0,17.5,0.042,0,0.048
"Sam","8/10/2023",10.10692,26.73215947,0.191917,-0.531,0,11.9,0.039,0.098,0.045
"Sam","8/11/2023",9.81925,26.77535947,0.195792,-0.54,0,13.3,0.047,0,0.054
"Sam","8/12/2023",9.921583,26.6328,0.194958,-0.549,0,15.7,0.049,0,0.052
"Sam","8/13/2023",10.66483,26.2872,0.190375,-0.558,0,17.4,0.037,0,0.04
"Sam","8/14/2023",11.14146,26.21807974,0.187167,-0.574,0,14.3,0.034,0,0.037
"Sam","8/15/2023",11.30779,26.06687974,0.185,-0.588,0,16.9,0.038,0.099,0.04
"Sam","8/16/2023",11.38842,25.8336,0.186167,-0.597,0,15.6,0.039,0,0.041
"Sam","8/17/2023",11.01658,21.72960066,0.182792,-0.607,0,17.4,0.033,0,0.034
"Sam","8/18/2023",10.69088,21.9196804,0.188083,-0.618,0,14.7,0.044,0,0.045
"Sam","8/19/2023",9.839125,26.04527974,0.191042,-0.63,0,16,0.049,0.098,0.059
"Sam","8/20/2023",10.18429,25.65647974,0.186708,-0.642,0,17.1,0.045,0,0.052
"Sam","8/21/2023",9.841,24.55487974,0.18825,-0.649,0,14.1,0.041,0.099,0.05
"Sam","8/22/2023",9.685083,20.64095947,0.188708,-0.655,0,13.7,0.046,0,0.049
"Sam","8/23/2023",9.310042,21.18095947,0.190583,-0.661,0,11.1,0.052,0,0.054
"Sam","8/24/2023",9.657833,24.87887974,0.188,-0.67,0,13.6,0.048,0,0.056
"Sam","8/25/2023",10.43,24.49007974,0.18075,-0.683,0,15.8,0.033,0.098,0.04
"Sam","8/26/2023",10.92567,24.09695947,0.181875,-0.687,0,14,0.038,0,0.038
"Sam","8/27/2023",10.80821,24.084,0.184125,-0.696,0,14.7,0.039,0,0.043
"Sam","8/28/2023",10.71063,23.9328,0.182708,-0.704,0,17.2,0.039,0,0.043
"Sam","8/29/2023",10.26308,22.15296013,0.183125,-0.704,0.58,13.8,0.022,0,0.023
"Sam","8/30/2023",9.931583,20.44223987,0.187833,-0.7,1.99,6.4,0.034,0.098,0.034
"Sam","8/31/2023",9.418542,14.0745598,0.194417,-0.681,3.21,8.7,0.019,0,0.074
"Sam","9/1/2023",9.7265,12.92111993,0.186458,-0.604,17.31,2.9,0.025,0,0.032
"Sam","9/2/2023",10.25008,19.8936,0.183917,-0.598,18.32,4.8,0.031,0,0.03
"Sam","9/3/2023",10.19729,21.0340804,0.186708,-0.586,18.32,12,0.038,0.098,0.036
"Sam","9/4/2023",9.800625,20.92176013,0.18975,-0.565,20.65,8.9,0.027,0,0.038
"Sam","9/5/2023",9.512542,22.02336013,0.192083,-0.549,20.53,6,0.05,0,0.05
"Sam","9/6/2023",8.979625,22.43376079,0.199042,-0.541,19.12,12.4,0.052,0,0.057
"Sam","9/7/2023",9.343208,18.47664053,0.193375,-0.543,17.9,14.6,0.05,0,0.057
"Sam","9/8/2023",9.16175,18.39023987,0.1965,-0.549,3.8,12.6,0.053,0,0.064
"Sam","9/9/2023",9.696292,21.8376,0.193375,-0.565,2.79,16.1,0.049,0,0.063
"Sam","9/10/2023",9.832125,21.28463987,0.194333,-0.583,2.79,14.5,0.051,0,0.064
"Sam","9/11/2023",9.676625,20.48543987,0.194417,-0.587,0.46,13.7,0.048,0,0.054
"Sam","9/12/2023",9.824417,19.872,0.191083,-0.604,0,11,0.045,0,0.056
"Sam","9/13/2023",9.713458,20.40336013,0.194167,-0.613,0,11.3,0.049,0,0.051
"Sam","9/14/2023",9.581,21.1896,0.197542,-0.625,0,13.8,0.054,0,0.059
"Sam","9/15/2023",10.11492,21.12047974,0.196375,-0.638,0,17.1,0.048,0.098,0.053
"Sam","9/16/2023",10.06554,20.59343987,0.198167,-0.655,0,17.5,0.051,0,0.058
"Sam","9/17/2023",9.807792,19.85903987,0.197875,-0.664,0,17.9,0.049,0,0.055
"Sam","9/18/2023",9.660792,18.54576013,0.195833,-0.671,0,13.5,0.048,0,0.041
"Sam","9/19/2023",8.641875,18.36863987,0.200417,-0.682,0,11.3,0.055,0,0.058
"Sam","9/20/2023",8.489542,15.71183987,0.201458,-0.651,0.97,10.6,0.025,0,0.032
"Sam","9/21/2023",8.036,13.63823987,0.200917,-0.643,3.63,6.1,0.035,0,0.031
"Sam","9/22/2023",8.334875,17.18063987,0.199042,-0.649,4.39,11.6,0.045,0,0.052
"Sam","9/23/2023",8.584292,16.1092804,0.197792,-0.638,4.39,14.9,0.035,0,0.034
"Sam","9/24/2023",8.530708,10.15632026,0.201208,-0.618,5.24,7.3,0.023,0,0.02
"Sam","9/25/2023",8.92,7.426080066,0.198208,-0.594,14.77,4.2,0.02,0,0.048
"Sam","9/26/2023",8.853708,9.002880066,0.203167,-0.544,20.73,4.4,0.02,0,0.06
"Sam","9/27/2023",8.692375,9.966239868,0.206958,-0.488,31.73,4.3,0.02,0,0.084
"Sam","9/28/2023",8.572333,10.65743987,0.201792,-0.403,37.56,2.9,0.028,0,0.065
"Sam","9/29/2023",8.6095,9.918719934,0.202792,-0.336,40.21,4.4,0.019,0.098,0.049
"Sam","9/30/2023",8.381333,12.2558402,0.204042,-0.318,45.21,3.6,0.05,0,0.048
"Sam","6/1/2024",8.284917,29.10815947,0.216625,-0.13,7.29,19.1,0.035,0,0.033
"Sam","6/2/2024",8.25275,16.95168007,0.225375,-0.117,5.53,9.3,0.032,0,0.08
"Sam","6/3/2024",8.281583,12.0657598,0.241,-0.089,36.01,3.5,0.027,0.101,0.06
"Sam","6/4/2024",8.081917,11.73743987,0.2245,-0.107,47.33,4.8,0.023,0,0.026
"Sam","6/5/2024",8.578375,19.75103987,0.216958,-0.135,46.14,6.3,0.036,0,0.044
"Sam","6/6/2024",8.680958,30.97007974,0.213917,-0.148,44.09,14.4,0.042,0.1,0.044
"Sam","6/7/2024",8.903708,30.91392026,0.212583,-0.157,44.09,17.8,0.044,0,0.046
"Sam","6/8/2024",9.025458,28.5768,0.2105,-0.16,44.09,18.2,0.039,0.1,0.042
"Sam","6/9/2024",9.108458,28.45152026,0.207375,-0.163,44.09,14.5,0.036,0,0.038
"Sam","6/10/2024",9.017125,30.9312,0.206958,-0.166,13.61,11.6,0.038,0,0.043
"Sam","6/11/2024",8.855583,28.57247974,0.20775,-0.164,2.29,14.8,0.038,0.1,0.038
"Sam","6/12/2024",8.533,28.9224,0.21075,-0.163,0.44,14.8,0.035,0,0.036
"Sam","6/13/2024",8.38175,27.972,0.208125,-0.17,0.44,17.1,0.04,0.101,0.046
"Sam","6/14/2024",8.272083,26.23967974,0.209958,-0.161,0.44,19.4,0.033,0,0.034
"Sam","6/15/2024",7.940583,21.72527974,0.222375,-0.146,2.92,13.5,0.015,0.099,0.081
"Sam","6/16/2024",7.819083,21.37104053,0.218708,-0.133,14.39,5.2,0.027,0,0.062
"Sam","6/17/2024",7.7275,21.69504053,0.22025,-0.127,17.74,8.7,0.011,0.1,0.037
"Sam","6/18/2024",8.176,23.71247974,0.21075,-0.155,19.64,6.6,0.032,0,0.048
"Sam","6/19/2024",8.569208,31.63967974,0.204875,-0.176,19.2,16.1,0.042,0,0.05
"Sam","6/20/2024",9.02475,31.1904,0.203333,-0.189,19.2,16.9,0.038,0.1,0.042
"Sam","6/21/2024",9.189417,30.79727974,0.204625,-0.194,19.2,13.9,0.044,0,0.043
"Sam","6/22/2024",9.264333,30.18384053,0.203042,-0.2,16.72,16.5,0.037,0,0.042
"Sam","6/23/2024",9.199208,30.38256079,0.201,-0.199,5.25,15.3,0.03,0,0.028
"Sam","6/24/2024",8.834833,31.26384053,0.203125,-0.195,2.81,11.7,0.035,0.1,0.029
"Sam","6/25/2024",9.028208,31.30704053,0.200917,-0.202,0.91,17.8,0.04,0,0.046
"Sam","6/26/2024",9.039125,28.73664053,0.202917,-0.19,0.91,19.3,0.028,0,0.021
"Sam","6/27/2024",8.55575,24.11424053,0.205625,-0.167,1.27,10.6,0.02,0.099,0.016
"Sam","6/28/2024",8.947083,26.32176079,0.197667,-0.19,1.54,7,0.034,0,0.052
"Sam","6/29/2024",8.877708,25.98912026,0.198792,-0.204,1.54,15.3,0.039,0,0.037
"Sam","6/30/2024",9.105125,24.09695947,0.195292,-0.195,1.87,11.2,0.029,0.1,0.028
"Sam","7/1/2024",9.215125,28.296,0.193833,-0.207,1.62,8.3,0.035,0,0.041
"Sam","7/2/2024",9.063125,30.18384053,0.196167,-0.213,1.62,11.5,0.035,0,0.039
"Sam","7/3/2024",8.950958,30.672,0.197167,-0.224,1.62,13.1,0.041,0.099,0.046
"Sam","7/4/2024",9.031917,30.58992026,0.195917,-0.229,1.26,17,0.041,0,0.048
"Sam","7/5/2024",9.641833,30.5424,0.194083,-0.236,0.99,21,0.037,0.099,0.04
"Sam","7/6/2024",9.699625,30.68063921,0.195708,-0.247,0.99,19.7,0.042,0,0.048
"Sam","7/7/2024",9.756917,30.63312026,0.195708,-0.257,0.66,18.1,0.037,0,0.045
"Sam","7/8/2024",9.920708,30.25296079,0.195167,-0.262,0,18.2,0.038,0.1,0.042
"Sam","7/9/2024",10.15467,30.0888,0.192042,-0.272,0,18.9,0.033,0,0.04
"Sam","7/10/2024",10.11046,30.024,0.189708,-0.286,0,18.5,0.034,0,0.04
"Sam","7/11/2024",9.757542,29.99376079,0.191875,-0.293,0,18.2,0.038,0.099,0.04
"Sam","7/12/2024",9.642667,30.1104,0.192125,-0.304,0,16.2,0.038,0,0.047
"Sam","7/13/2024",9.7075,29.94191895,0.191542,-0.308,0,18.6,0.04,0.099,0.048
"Sam","7/14/2024",9.876333,29.7,0.189667,-0.311,0,18.7,0.034,0,0.045
"Sam","7/15/2024",9.622208,29.76048105,0.192,-0.315,0,16.3,0.044,0,0.05
"Sam","7/16/2024",9.5555,28.09296079,0.190375,-0.316,0,16.5,0.04,0.099,0.046
"Sam","7/17/2024",10.05721,25.45776079,0.18425,-0.326,0,21.1,0.032,0,0.044
"Sam","7/18/2024",9.782167,26.94816079,0.1875,-0.328,0,16.1,0.04,0.099,0.047
"Sam","7/19/2024",9.720333,29.27232026,0.187667,-0.332,0,15.8,0.038,0,0.048
"Sam","7/20/2024",9.8065,29.15567974,0.188833,-0.338,0,16.2,0.039,0,0.047
"Sam","7/21/2024",9.979667,28.18367974,0.186458,-0.341,0,19.7,0.028,0,0.032
"Sam","7/22/2024",9.721875,28.04975947,0.186292,-0.342,0,13,0.029,0.098,0.036
"Sam","7/23/2024",9.322167,29.14703921,0.1885,-0.35,0,13.5,0.038,0,0.047
"Sam","7/24/2024",9.317333,28.47743921,0.189667,-0.353,0,20.1,0.043,0,0.05
"Sam","7/25/2024",9.261583,28.11455947,0.18975,-0.354,0,16.8,0.035,0.099,0.04
"Sam","7/26/2024",8.954208,28.97855947,0.19025,-0.355,0,12.4,0.04,0,0.046
"Sam","7/27/2024",9.02525,28.68047974,0.188542,-0.363,0,18.7,0.041,0,0.051
"Sam","7/28/2024",9.128875,26.40384053,0.186375,-0.363,0,15.3,0.038,0,0.045
"Sam","7/29/2024",9.031083,16.46352026,0.187458,-0.34,0,12.9,0.03,0.099,0.026
"Sam","7/30/2024",9.401708,17.2368,0.182417,-0.321,3.61,5.9,0.023,0,0.028
"Sam","7/31/2024",9.617583,26.84015947,0.184583,-0.326,3.61,9.4,0.038,0,0.052
"Sam","8/1/2024",10.22358,27.61343921,0.180833,-0.333,3.61,16.9,0.029,0,0.048
"Sam","8/2/2024",10.57146,27.09935947,0.177833,-0.349,3.61,18.3,0.029,0,0.045
"Sam","8/3/2024",10.0625,24.53327974,0.182042,-0.35,3.61,14.3,0.027,0,0.033
"Sam","8/4/2024",9.921458,24.9912,0.183292,-0.357,3.61,11.3,0.04,0.098,0.056
"Sam","8/5/2024",9.96725,27.44927974,0.182208,-0.371,3.61,17.6,0.037,0,0.05
"Sam","8/6/2024",9.544042,27.61775947,0.187208,-0.374,0,16.7,0.043,0,0.052
"Sam","8/7/2024",9.481917,27.72575947,0.186083,-0.383,0,14.9,0.042,0,0.05
"Sam","8/8/2024",9.893083,26.6544,0.182708,-0.395,0,19,0.042,0.099,0.048
"Sam","8/9/2024",10.04867,26.20512026,0.181875,-0.402,0,14.9,0.036,0,0.041
"Sam","8/10/2024",10.13071,26.72784053,0.181792,-0.413,0,15.5,0.032,0,0.038
"Sam","8/11/2024",9.922042,26.568,0.184333,-0.422,0,14.1,0.037,0,0.044
"Sam","8/12/2024",9.602833,26.10143921,0.187208,-0.427,0,14.4,0.031,0.098,0.04
"Sam","8/13/2024",9.2415,25.94592026,0.188292,-0.423,0.75,9.4,0.028,0,0.025
"Sam","8/14/2024",9.186667,26.19648105,0.187167,-0.437,0.75,7.8,0.038,0,0.044
"Sam","8/15/2024",9.315417,23.44464053,0.1845,-0.433,0.75,12.9,0.029,0,0.025
"Sam","8/16/2024",9.520625,21.90672026,0.182167,-0.443,0.75,6.6,0.037,0.099,0.04
"Sam","8/17/2024",9.64325,22.55472026,0.190625,-0.446,0.75,12,0.063,0,0.125
"Sam","8/18/2024",9.537083,23.70384053,0.19225,-0.323,12.54,17.1,0.032,0,0.063
"Sam","8/19/2024",9.252833,25.04736079,0.193083,-0.27,12.54,11,0.038,0,0.037
"Sam","8/20/2024",9.207458,24.18336079,0.191167,-0.278,11.79,11.2,0.039,0.098,0.049
"Sam","8/21/2024",9.512375,23.56992026,0.185958,-0.304,11.79,12.8,0.035,0,0.052
"Sam","8/22/2024",9.171625,21.4315196,0.19225,-0.303,11.79,10.2,0.028,0,0.052
"Sam","8/23/2024",9.101542,15.9408,0.199417,-0.248,25.27,6,0.02,0,0.046
"Sam","8/24/2024",8.596833,14.35536013,0.200125,-0.211,29.75,7,0.023,0.098,0.021
"Sam","8/25/2024",8.918333,19.50912026,0.20125,-0.25,17.96,6.8,0.039,0,0.061
"Sam","8/26/2024",9.177542,23.328,0.199542,-0.282,17.96,13.4,0.041,0.098,0.057
"Sam","8/27/2024",9.134167,21.85055947,0.204125,-0.287,18.16,16.3,0.032,0.098,0.038
"Sam","8/28/2024",8.474667,22.18752026,0.203792,-0.309,18.16,11.3,0.047,0,0.054
"Sam","8/29/2024",9.263958,24.4512,0.189667,-0.327,18.16,19.2,0.041,0,0.049
"Sam","8/30/2024",9.572875,24.16175947,0.195083,-0.341,4.68,16.3,0.044,0,0.048
"Sam","8/31/2024",10.08867,23.7816,0.192375,-0.355,0.2,19.6,0.038,0,0.042
"Sam","9/1/2024",10.24983,22.3776,0.188708,-0.376,0.2,17.8,0.035,0,0.042
"Sam","9/2/2024",10.00875,21.492,0.196417,-0.385,0.2,18,0.029,0,0.039
"Sam","9/3/2024",9.754542,22.24367974,0.19625,-0.398,0,10.7,0.039,0,0.036
"Sam","9/4/2024",9.636792,22.71455947,0.196667,-0.412,0,12.9,0.043,0,0.05
"Sam","9/5/2024",10.69408,22.56335947,0.189083,-0.428,0,16.7,0.025,0,0.036
"Sam","9/6/2024",10.80404,22.15295947,0.19125,-0.44,0,14.3,0.032,0,0.037
"Sam","9/7/2024",10.84567,20.83967974,0.190042,-0.453,0,15.3,0.028,0,0.028
"Sam","9/8/2024",10.47846,20.49407974,0.194917,-0.46,0,13.6,0.032,0,0.032
"Sam","9/9/2024",10.12296,21.2587196,0.199042,-0.47,0,14.5,0.035,0,0.04
"Sam","9/10/2024",9.815542,21.15503987,0.197917,-0.481,0,13.9,0.039,0.098,0.043
"Sam","9/11/2024",9.311583,14.89536013,0.205667,-0.471,0.3,13.4,0.023,0,0.022
"Sam","9/12/2024",9.229333,10.22112026,0.201458,-0.448,7.67,5,0.02,0,0.024
"Sam","9/13/2024",9.261583,15.9192,0.197083,-0.456,8.21,4.9,0.034,0,0.038
"Sam","9/14/2024",9.08425,19.82447974,0.199583,-0.451,8.21,11.3,0.034,0.098,0.034
"Sam","9/15/2024",8.960875,19.8288,0.201292,-0.442,10.95,9.9,0.031,0,0.032
"Sam","9/16/2024",8.329875,17.67312026,0.200208,-0.439,10.95,8.5,0.035,0,0.037
"Sam","9/17/2024",8.555167,15.7032,0.200958,-0.425,10.95,9.6,0.026,0,0.026
"Sam","9/18/2024",9.0595,17.6688,0.195333,-0.437,10.69,5.7,0.03,0,0.034
"Sam","9/19/2024",9.01,19.21103987,0.197083,-0.442,3.32,9.7,0.037,0,0.038
"Sam","9/20/2024",8.613417,19.36655947,0.20025,-0.445,2.78,12.6,0.037,0,0.036
"Sam","9/21/2024",8.209083,18.85247974,0.2015,-0.46,2.78,11.3,0.046,0,0.053
"Sam","9/22/2024",8.595292,18.4464,0.198833,-0.466,0.04,16,0.045,0,0.053
"Sam","9/23/2024",9.062875,17.21952026,0.19525,-0.47,0.04,13.1,0.042,0,0.045
"Sam","9/24/2024",9.745792,16.87824053,0.192875,-0.478,0.04,11.7,0.036,0,0.038
"Sam","9/25/2024",9.467792,14.0788804,0.204,-0.473,0,15.5,0.039,0,0.089
"Sam","9/26/2024",8.812042,13.9536,0.203917,-0.393,13.58,14.3,0.038,0,0.039
"Sam","9/27/2024",9.265708,17.36207974,0.195667,-0.386,13.88,15.1,0.042,0,0.042
"Sam","9/28/2024",9.697208,17.02943987,0.192125,-0.383,13.88,9.9,0.037,0,0.038
"Sam","9/29/2024",8.699583,17.46576013,0.205042,-0.367,13.88,18.7,0.033,0,0.037
"Sam","9/30/2024",7.846667,17.72496013,0.200333,-0.381,13.88,11.5,0.041,0,0.052
